{"train/loss": 3.5961, "train/learning_rate": 0.0002, "train/epoch": 0.03, "train/global_step": 500, "_timestamp": 1689700364.57936, "_runtime": 3523.1388759613037, "_step": 49, "_wandb": {"runtime": 3522}}