{"train/loss": 2.1407, "train/learning_rate": 0.0002, "train/epoch": 2.0, "train/global_step": 10, "_timestamp": 1689790979.6280549, "_runtime": 27.44883680343628, "_step": 1, "train/train_runtime": 28.6523, "train/train_samples_per_second": 0.349, "train/train_steps_per_second": 0.349, "train/total_flos": 37184611024896.0, "train/train_loss": 2.140673828125, "_wandb": {"runtime": 26}}