{"train/loss": 3.5961, "train/learning_rate": 0.0002, "train/epoch": 0.03, "train/global_step": 500, "_timestamp": 1689692406.3147154, "_runtime": 3522.8382563591003, "_step": 49, "_wandb": {"runtime": 3522}}