{"train/loss": 0.1873, "train/learning_rate": 0.0002, "train/epoch": 4.0, "train/global_step": 20, "_timestamp": 1689790856.6299083, "_runtime": 51.65004229545593, "_step": 1, "_wandb": {"runtime": 57}}