{"train/loss": 3.1537, "train/learning_rate": 0.0002, "train/epoch": 0.0, "train/global_step": 10, "_timestamp": 1689688744.089499, "_runtime": 88.97453808784485, "_step": 0, "_wandb": {"runtime": 86}}